Date,Date,Energy,diff,Energy_log,Energy_log_diff
1939-01-01,1939-01-01,3.3842,,1.2191175416523892,
1939-02-01,1939-02-01,3.41,0.025800000000000267,1.2267122912954254,
1939-03-01,1939-03-01,3.4875,0.07749999999999968,1.249185147147484,
1939-04-01,1939-04-01,3.5133,0.025800000000000267,1.2565557667340643,
1939-05-01,1939-05-01,3.5133,0.0,1.2565557667340643,
1939-06-01,1939-06-01,3.565,0.05169999999999986,1.2711640538662592,
1939-07-01,1939-07-01,3.565,0.0,1.2711640538662592,
1939-08-01,1939-08-01,3.6167,0.05169999999999986,1.2855620078657481,
1939-09-01,1939-09-01,3.72,0.10330000000000039,1.3137236682850553,
1939-10-01,1939-10-01,3.72,0.0,1.3137236682850553,
1939-11-01,1939-11-01,3.7458,0.025799999999999823,1.3206352123136165,
1939-12-01,1939-12-01,3.7458,0.0,1.3206352123136165,
1940-01-01,1940-01-01,3.7717,0.025900000000000034,1.3275258282042326,0.10840828655184342
1940-02-01,1940-02-01,3.8233,0.05160000000000009,1.341113924039349,0.11440163274392368
1940-03-01,1940-03-01,3.8492,0.025900000000000034,1.3478653345001088,0.09868018735262485
1940-04-01,1940-04-01,3.8492,0.0,1.3478653345001088,0.09130956776604449
1940-05-01,1940-05-01,3.875,0.025799999999999823,1.3545456628053103,0.09798989607124597
1940-06-01,1940-06-01,3.9267,0.05169999999999986,1.3677993784836462,0.096635324617387
1940-07-01,1940-07-01,3.9267,0.0,1.3677993784836462,0.096635324617387
1940-08-01,1940-08-01,3.9783,0.05160000000000009,1.380854592369526,0.09529258450377776
1940-09-01,1940-09-01,4.03,0.0517000000000003,1.3937663759585917,0.08004270767353638
1940-10-01,1940-10-01,4.0558,0.02579999999999938,1.4001479554084262,0.08642428712337091
1940-11-01,1940-11-01,4.1592,0.1034000000000006,1.425322748087369,0.10468753577375245
1940-12-01,1940-12-01,4.1592,0.0,1.425322748087369,0.10468753577375245
1941-01-01,1941-01-01,4.185,0.02579999999999938,1.4315067039414386,0.10398087573720605
1941-02-01,1941-02-01,4.2367,0.0517000000000003,1.4437846643229155,0.10267074028356649
1941-03-01,1941-03-01,4.2883,0.051599999999999646,1.4558903840077932,0.10802504950768443
1941-04-01,1941-04-01,4.34,0.0517000000000003,1.4678743481123135,0.12000901361220473
1941-05-01,1941-05-01,4.3658,0.025800000000000267,1.473801448558125,0.1192557857528147
1941-06-01,1941-06-01,4.4433,0.07749999999999968,1.4913973436188994,0.12359796513525323
1941-07-01,1941-07-01,4.495,0.0517000000000003,1.5029656679235837,0.13516628943993747
1941-08-01,1941-08-01,4.5467,0.0517000000000003,1.5144016950986312,0.1335471027291053
1941-09-01,1941-09-01,4.5725,0.02579999999999938,1.5200601012828836,0.12629372532429195
1941-10-01,1941-10-01,4.5983,0.025800000000000267,1.5256866699716036,0.12553871456317744
1941-11-01,1941-11-01,4.65,0.0517000000000003,1.536867219599265,0.11154447151189606
1941-12-01,1941-12-01,4.7533,0.10329999999999995,1.5588391136707307,0.13351636558336177
1942-01-01,1942-01-01,4.805,0.05169999999999941,1.5696570424222558,0.13815033848081715
1942-02-01,1942-02-01,4.8567,0.0517000000000003,1.5803591949334328,0.13657453061051728
1942-03-01,1942-03-01,4.8825,0.025800000000000267,1.585657383768697,0.12976699976090367
1942-04-01,1942-04-01,4.8825,0.0,1.585657383768697,0.11778303565638337
1942-05-01,1942-05-01,4.8825,0.0,1.585657383768697,0.11185593521057191
1942-06-01,1942-06-01,4.9084,0.025900000000000034,1.5909480231202557,0.09955067950135632
1942-07-01,1942-07-01,5.0634,0.15499999999999936,1.6220381944098388,0.1190725264862551
1942-08-01,1942-08-01,5.0892,0.025800000000000267,1.6271206472864084,0.11271895218777717
1942-09-01,1942-09-01,5.115,0.025800000000000267,1.6321773994035897,0.11211729812070614
1942-10-01,1942-10-01,5.115,0.0,1.6321773994035897,0.10649072943198612
1942-11-01,1942-11-01,5.1925,0.07749999999999968,1.6472152767681303,0.11034805716886531
1942-12-01,1942-12-01,5.27,0.07749999999999968,1.6620303625532709,0.10319124888254017
1943-01-01,1943-01-01,5.2184,-0.051599999999999646,1.6521908414997493,0.08253379907749347
1943-02-01,1943-02-01,5.2959,0.07749999999999968,1.66693293628121,0.08657374134777718
1943-03-01,1943-03-01,5.3217,0.025800000000000267,1.6717928011808665,0.08613541741216957
1943-04-01,1943-04-01,5.3992,0.07750000000000057,1.6862507944470597,0.1005934106783628
1943-05-01,1943-05-01,5.425,0.02579999999999938,1.6910178994265233,0.10536051565782634
1943-06-01,1943-06-01,5.5284,0.1034000000000006,1.7098984427477346,0.11895041962747888
1943-07-01,1943-07-01,5.58,0.051599999999999646,1.7191887763932197,0.09715058198338089
1943-08-01,1943-08-01,5.6059,0.025900000000000034,1.7238196145528155,0.09669896726640714
1943-09-01,1943-09-01,5.7092,0.10329999999999995,1.7420789087734763,0.10990150936988652
1943-10-01,1943-10-01,5.7092,0.0,1.7420789087734763,0.10990150936988652
1943-11-01,1943-11-01,5.7867,0.07749999999999968,1.755562180916167,0.10834690414803672
1943-12-01,1943-12-01,5.7867,0.0,1.755562180916167,0.09353181836289615
1944-01-01,1944-01-01,5.735,-0.05169999999999941,1.746587750581334,0.09439690908158482
1944-02-01,1944-02-01,5.8125,0.07749999999999968,1.7600107709134747,0.09307783463226471
1944-03-01,1944-03-01,5.9159,0.10339999999999971,1.7776436413926413,0.10585084021177482
1944-04-01,1944-04-01,5.9417,0.025800000000000267,1.78199528771469,0.09574449326763035
1944-05-01,1944-05-01,5.9417,0.0,1.78199528771469,0.09097738828816682
1944-06-01,1944-06-01,5.9417,0.0,1.78199528771469,0.07209684496695545
1944-07-01,1944-07-01,5.89,-0.0517000000000003,1.7732559976634952,0.05406722127027552
1944-08-01,1944-08-01,5.9159,0.025900000000000034,1.7776436413926413,0.05382402683982579
1944-09-01,1944-09-01,5.89,-0.025900000000000034,1.7732559976634952,0.03117708889001891
1944-10-01,1944-10-01,5.8384,-0.051599999999999646,1.7644567867000462,0.022377877926569978
1944-11-01,1944-11-01,5.89,0.051599999999999646,1.7732559976634952,0.017693816747328173
1944-12-01,1944-12-01,5.9159,0.025900000000000034,1.7776436413926413,0.0220814604764743
1945-01-01,1945-01-01,6.0192,0.10329999999999995,1.794954360124574,0.04836660954324001
1945-02-01,1945-02-01,6.0192,0.0,1.794954360124574,0.03494358921109941
1945-03-01,1945-03-01,5.9934,-0.02579999999999938,1.790658863784022,0.013015222391380643
1945-04-01,1945-04-01,5.9934,0.0,1.790658863784022,0.00866357606933188
1945-05-01,1945-05-01,6.045,0.051599999999999646,1.799231484066756,0.01723619635206597
1945-06-01,1945-06-01,6.1225,0.07749999999999968,1.8119705098441856,0.02997522212949555
1945-07-01,1945-07-01,6.0967,-0.02579999999999938,1.8077476411882802,0.034491643524785065
1945-08-01,1945-08-01,5.9934,-0.10329999999999995,1.790658863784022,0.013015222391380643
1945-09-01,1945-09-01,5.89,-0.1034000000000006,1.7732559976634952,0.0
1945-10-01,1945-10-01,5.8384,-0.051599999999999646,1.7644567867000462,0.0
1945-11-01,1945-11-01,5.89,0.051599999999999646,1.7732559976634952,0.0
1945-12-01,1945-12-01,5.9417,0.0517000000000003,1.78199528771469,0.004351646322048763
1946-01-01,1946-01-01,5.9417,0.0,1.78199528771469,-0.012959072409884032
1946-02-01,1946-02-01,5.9417,0.0,1.78199528771469,-0.012959072409884032
1946-03-01,1946-03-01,5.9417,0.0,1.78199528771469,-0.00866357606933188
1946-04-01,1946-04-01,6.045,0.10329999999999995,1.799231484066756,0.00857262028273409
1946-05-01,1946-05-01,6.0967,0.0517000000000003,1.8077476411882802,0.008516157121524204
1946-06-01,1946-06-01,6.1225,0.02579999999999938,1.8119705098441856,0.0
1946-07-01,1946-07-01,6.2517,0.12919999999999998,1.8328534267630165,0.025105785574736306
1946-08-01,1946-08-01,6.355,0.10330000000000084,1.8492419046414175,0.05858304085739552
1946-09-01,1946-09-01,6.4325,0.07749999999999968,1.8613632651737622,0.08810726751026698
1946-10-01,1946-10-01,6.51,0.07749999999999968,1.873339456220478,0.10888266952043169
1946-11-01,1946-11-01,6.5359,0.025900000000000034,1.8773100575630564,0.10405405989956118
1946-12-01,1946-12-01,6.5617,0.025800000000000267,1.881249715724848,0.09925442801015794
1947-01-01,1947-01-01,6.7425,0.18079999999999963,1.908430776031748,0.12643548831705798
1947-02-01,1947-02-01,6.6134,-0.12909999999999933,1.889097893782969,0.10710260606827893
1947-03-01,1947-03-01,6.5617,-0.0517000000000003,1.881249715724848,0.09925442801015794
1947-04-01,1947-04-01,6.5617,0.0,1.881249715724848,0.08201823165809197
1947-05-01,1947-05-01,6.5359,-0.025800000000000267,1.8773100575630564,0.06956241637477611
1947-06-01,1947-06-01,6.5359,0.0,1.8773100575630564,0.06533954771887074
1947-07-01,1947-07-01,6.5359,0.0,1.8773100575630564,0.04445663080003981
1947-08-01,1947-08-01,6.7167,0.18080000000000052,1.904596962491424,0.055355057850006606
1947-09-01,1947-09-01,6.8459,0.12919999999999998,1.9236499329314876,0.0622866677577254
1947-10-01,1947-10-01,6.8717,0.02579999999999938,1.9274115283157576,0.054072072095279644
1947-11-01,1947-11-01,6.9492,0.07750000000000057,1.9386265450376075,0.061316487474551096
1947-12-01,1947-12-01,7.285,0.3357999999999999,1.9858174396471682,0.10456772392232017
1948-01-01,1948-01-01,7.6467,0.3616999999999999,2.0342741822215213,0.1258434061897733
1948-02-01,1948-02-01,7.4659,-0.18079999999999963,2.0103459863496504,0.12124809256668145
1948-03-01,1948-03-01,7.4917,0.02579999999999938,2.013795741067885,0.13254602534303683
1948-04-01,1948-04-01,7.3367,-0.15499999999999936,1.992889150249308,0.11163943452446001
1948-05-01,1948-05-01,7.1817,-0.15500000000000025,1.971536123837052,0.09422606627399555
1948-06-01,1948-06-01,7.2334,0.05169999999999941,1.9787091884256933,0.10139913086263697
1948-07-01,1948-07-01,7.285,0.051600000000000534,1.9858174396471682,0.10850738208411181
1948-08-01,1948-08-01,7.4659,0.18090000000000028,2.0103459863496504,0.10574902385822638
1948-09-01,1948-09-01,7.595,0.12909999999999933,2.027490136047736,0.10384020311624842
1948-10-01,1948-10-01,7.6725,0.07750000000000057,2.0376425075117544,0.11023097919599678
1948-11-01,1948-11-01,7.7759,0.10339999999999971,2.051029206993142,0.1124026619555345
1948-12-01,1948-12-01,8.0859,0.3100000000000005,2.090121804087939,0.10430436444077062
1949-01-01,1949-01-01,8.2667,0.18079999999999963,2.112235396752762,0.0779612145312405
1949-02-01,1949-02-01,8.0859,-0.18079999999999963,2.090121804087939,0.07977581773828835
1949-03-01,1949-03-01,7.9825,-0.1034000000000006,2.0772516456068,0.06345590453891514
1949-04-01,1949-04-01,7.8017,-0.18079999999999963,2.0543416586661234,0.06145250841681538
1949-05-01,1949-05-01,7.6467,-0.15500000000000025,2.0342741822215213,0.06273805838446944
1949-06-01,1949-06-01,7.6984,0.0517000000000003,2.041012515060054,0.06230332663436067
1949-07-01,1949-07-01,7.8017,0.10329999999999995,2.0543416586661234,0.06852421901895522
1949-08-01,1949-08-01,7.9825,0.18079999999999963,2.0772516456068,0.06690565925714953
1949-09-01,1949-09-01,8.06,0.07750000000000057,2.086913556518537,0.05942342047080107
1949-10-01,1949-10-01,8.0084,-0.051600000000000534,2.0804909908154072,0.04284848330365287
1949-11-01,1949-11-01,8.215,0.2065999999999999,2.1059617514892315,0.05493254449608953
1949-12-01,1949-12-01,8.68,0.46499999999999986,2.1610215286722587,0.07089972458431992
1950-01-01,1950-01-01,9.0934,0.4134000000000011,2.2075488756585764,0.09531347890581454
1950-02-01,1950-02-01,8.8867,-0.20670000000000144,2.1845557770131525,0.09443397292521372
1950-03-01,1950-03-01,8.9384,0.0517000000000003,2.1903566022509913,0.11310495664419129
1950-04-01,1950-04-01,8.835,-0.10339999999999883,2.17872110577166,0.12437944710553639
1950-05-01,1950-05-01,8.8092,-0.025800000000000267,2.175796629922599,0.1415224477010777
1950-06-01,1950-06-01,8.8867,0.07749999999999879,2.1845557770131525,0.14354326195309852
1950-07-01,1950-07-01,8.9125,0.025800000000000267,2.1874547857404143,0.1331131270742909
1950-08-01,1950-08-01,9.1192,0.20669999999999966,2.2103820809404318,0.13313043533363178
1950-09-01,1950-09-01,9.2484,0.12920000000000087,2.224450563589811,0.1375370070712738
1950-10-01,1950-10-01,9.4034,0.15499999999999936,2.2410713260051724,0.16058033518976522
1950-11-01,1950-11-01,9.5325,0.1291000000000011,2.2547070127495816,0.14874526126035015
1950-12-01,1950-12-01,9.8684,0.33589999999999876,2.289337732908416,0.1283162042361572
1951-01-01,1951-01-01,10.4367,0.5683000000000007,2.345328440532878,0.13777956487430165
1951-02-01,1951-02-01,10.2817,-0.15499999999999936,2.330365616004771,0.1458098389916187
1951-03-01,1951-03-01,10.2817,0.0,2.330365616004771,0.14000901375377994
1951-04-01,1951-04-01,10.2559,-0.025800000000000267,2.3278531497407635,0.14913204396910373
1951-05-01,1951-05-01,10.0492,-0.20669999999999966,2.3074930293466287,0.13169639942402966
1951-06-01,1951-06-01,10.1784,0.1291999999999991,2.3202678278463535,0.13571205083320104
1951-07-01,1951-07-01,10.23,0.051600000000000534,2.325324579963535,0.13786979422312085
1951-08-01,1951-08-01,10.4625,0.23249999999999993,2.3477974358155937,0.137415354875162
1951-09-01,1951-09-01,10.5659,0.10339999999999883,2.3576318343778215,0.13318127078801067
1951-10-01,1951-10-01,10.4884,-0.07749999999999879,2.3502698845594563,0.10919855855428384
1951-11-01,1951-11-01,10.695,0.2065999999999999,2.369776342534369,0.11506932978478757
1951-12-01,1951-12-01,11.005,0.3100000000000005,2.398349714978425,0.10901198207000906
1952-01-01,1952-01-01,11.5475,0.5424999999999986,2.4464689633226233,0.10114052278974528
1952-02-01,1952-02-01,11.2892,-0.2583000000000002,2.4238465164835366,0.09348090047876534
1952-03-01,1952-03-01,11.2117,-0.07749999999999879,2.4169578758985435,0.08659225989377228
1952-04-01,1952-04-01,10.9275,-0.28420000000000023,2.3912825477553326,0.06342939801456904
1952-05-01,1952-05-01,10.7209,-0.2065999999999999,2.372195107342494,0.06470207799586536
1952-06-01,1952-06-01,10.7984,0.07750000000000057,2.379397975007005,0.05913014716065135
1952-07-01,1952-07-01,10.9792,0.18079999999999963,2.3960025736819937,0.07067799371845851
1952-08-01,1952-08-01,11.3409,0.361699999999999,2.4284156602297298,0.08061822441413602
1952-09-01,1952-09-01,11.5475,0.2065999999999999,2.4464689633226233,0.08883712894480178
1952-10-01,1952-10-01,11.5217,-0.025800000000000267,2.44423221382489,0.09396232926543391
1952-11-01,1952-11-01,11.625,0.10330000000000084,2.45315795147342,0.08338160893905089
1952-12-01,1952-12-01,12.0384,0.4133999999999993,2.4881015406845193,0.0897518257060943
1953-01-01,1953-01-01,12.4517,0.41330000000000133,2.521857159773874,0.07538819645125061
1953-02-01,1953-02-01,12.0642,-0.38750000000000107,2.4902423893775194,0.06639587289398285
1953-03-01,1953-03-01,12.1417,0.07750000000000057,2.496645808776583,0.07968793287803955
1953-04-01,1953-04-01,12.0642,-0.07750000000000057,2.4902423893775194,0.09895984162218685
1953-05-01,1953-05-01,11.9092,-0.15499999999999936,2.477311210666169,0.10511610332367516
1953-06-01,1953-06-01,12.0642,0.15499999999999936,2.4902423893775194,0.11084441437051451
1953-07-01,1953-07-01,12.245,0.18079999999999963,2.505117690404131,0.10911511672213736
1953-08-01,1953-08-01,12.4259,0.18090000000000117,2.519783003967079,0.09136734373734923
1953-09-01,1953-09-01,12.4259,0.0,2.519783003967079,0.07331404064445568
1953-10-01,1953-10-01,12.3225,-0.1034000000000006,2.5114268595973956,0.06719464577250545
1953-11-01,1953-11-01,12.245,-0.07750000000000057,2.505117690404131,0.05195973893071093
1953-12-01,1953-12-01,12.6584,0.4134000000000011,2.5383210264226364,0.050219485738117076
1954-01-01,1954-01-01,13.3559,0.6974999999999998,2.5919582347817403,0.07010107500786633
1954-02-01,1954-02-01,12.9942,-0.3617000000000008,2.564503104059143,0.07426071468162343
1954-03-01,1954-03-01,12.9425,-0.051699999999998525,2.5605164697939196,0.06387066101733652
1954-04-01,1954-04-01,12.7875,-0.15500000000000114,2.548468131277745,0.05822574190022545
1954-05-01,1954-05-01,12.5292,-0.2583000000000002,2.5280619201019277,0.050750709435758434
1954-06-01,1954-06-01,12.7359,0.20670000000000144,2.544424777312408,0.05418238793488861
1954-07-01,1954-07-01,13.0717,0.335799999999999,2.5704495880378944,0.06533189763376335
1954-08-01,1954-08-01,13.4076,0.33590000000000053,2.5958217103591554,0.07603870639207644
1954-09-01,1954-09-01,13.4592,0.05159999999999876,2.599662887086189,0.07987988311910987
1954-10-01,1954-10-01,13.3559,-0.10329999999999906,2.5919582347817403,0.08053137518434461
1954-11-01,1954-11-01,13.4076,0.0517000000000003,2.5958217103591554,0.09070401995502442
1954-12-01,1954-12-01,14.0792,0.6715999999999998,2.644698530933864,0.10637750451122763
1955-01-01,1955-01-01,14.4925,0.41329999999999956,2.673631274231751,0.0816730394500107
1955-02-01,1955-02-01,14.4409,-0.051600000000000534,2.6700644583922477,0.10556135433310487
1955-03-01,1955-03-01,14.4409,0.0,2.6700644583922477,0.10954798859832815
1955-04-01,1955-04-01,14.2859,-0.15499999999999936,2.659273036848279,0.11080490557053402
1955-05-01,1955-05-01,14.0017,-0.28420000000000023,2.639178750814835,0.11111683071290734
1955-06-01,1955-06-01,14.1309,0.12920000000000087,2.6483638889355583,0.10393911162315028
1955-07-01,1955-07-01,14.4925,0.36159999999999926,2.673631274231751,0.10318168619385659
1955-08-01,1955-08-01,15.2159,0.7233999999999998,2.7223409337519957,0.12651922339284027
1955-09-01,1955-09-01,15.3192,0.10330000000000084,2.72910694362782,0.12944405654163127
1955-10-01,1955-10-01,15.035,-0.28420000000000023,2.7103808164404923,0.11842258165875208
1955-11-01,1955-11-01,15.1125,0.07750000000000057,2.715522215940911,0.11970050558175549
1955-12-01,1955-12-01,15.8876,0.7751000000000001,2.7655389307522547,0.12084039981839068
1956-01-01,1956-01-01,16.4559,0.5682999999999989,2.8006840755213025,0.12705280128955154
1956-02-01,1956-02-01,16.2492,-0.20670000000000144,2.7880436767946417,0.117979218402394
1956-03-01,1956-03-01,16.0942,-0.15499999999999758,2.778458958638152,0.10839450024590436
1956-04-01,1956-04-01,15.8876,-0.2065999999999999,2.7655389307522547,0.10626589390397578
1956-05-01,1956-05-01,15.7326,-0.15500000000000114,2.755734992667621,0.1165562418527859
1956-06-01,1956-06-01,15.8359,0.10330000000000084,2.7622795144980055,0.11391562556244716
1956-07-01,1956-07-01,16.0684,0.23249999999999993,2.776854610386832,0.10322333615508095
1956-08-01,1956-08-01,16.4559,0.3874999999999993,2.8006840755213025,0.07834314176930679
1956-09-01,1956-09-01,16.3526,-0.10330000000000084,2.7943869061074267,0.06527996247960655
1956-10-01,1956-10-01,16.0684,-0.28419999999999845,2.776854610386832,0.06647379394633957
1956-11-01,1956-11-01,16.0684,0.0,2.776854610386832,0.06133239444592098
1956-12-01,1956-12-01,16.7917,0.7232999999999983,2.8208847167084294,0.05534578595617479
1957-01-01,1957-01-01,17.5409,0.7492000000000019,2.8645352969161415,0.06385122139483901
1957-02-01,1957-02-01,17.3084,-0.2325000000000017,2.8511919327958446,0.06314825600120288
1957-03-01,1957-03-01,17.0759,-0.23249999999999815,2.8376681127061625,0.05920915406801042
1957-04-01,1957-04-01,16.7917,-0.284200000000002,2.8208847167084294,0.05534578595617479
1957-05-01,1957-05-01,16.5076,-0.2840999999999987,2.803820880920732,0.048085888253111
1957-06-01,1957-06-01,16.7142,0.20660000000000167,2.8162586575241653,0.053979143026159804
1957-07-01,1957-07-01,17.3859,0.6716999999999977,2.855659532886046,0.07880492249921422
1957-08-01,1957-08-01,17.9284,0.5425000000000004,2.8863860477178234,0.08570197219652087
1957-09-01,1957-09-01,17.6701,-0.2582999999999984,2.8718739456251554,0.07748703951772873
1957-10-01,1957-10-01,17.1792,-0.4908999999999999,2.8436993496977343,0.0668447393109024
1957-11-01,1957-11-01,17.2309,0.05169999999999675,2.8467042836504186,0.06984967326358671
1957-12-01,1957-12-01,17.8767,0.6458000000000013,2.8834981889529923,0.06261347224456282
1958-01-01,1958-01-01,18.4967,0.620000000000001,2.9175923377945856,0.053057040878444095
1958-02-01,1958-02-01,18.1867,-0.3100000000000023,2.900690557709992,0.04949862491414736
1958-03-01,1958-03-01,17.9542,-0.23249999999999815,2.887824070851376,0.050155958145213564
1958-04-01,1958-04-01,17.3342,-0.620000000000001,2.8526814286633595,0.03179671195493006
1958-05-01,1958-05-01,16.9984,-0.335799999999999,2.8331192219798136,0.02929834105908169
1958-06-01,1958-06-01,17.4376,0.4391999999999996,2.8586287943321658,0.0423701368080005
1958-07-01,1958-07-01,17.9284,0.4908000000000001,2.8863860477178234,0.03072651483177724
1958-08-01,1958-08-01,18.6517,0.7233000000000018,2.9259372947506725,0.03955124703284918
1958-09-01,1958-09-01,18.7034,0.05169999999999675,2.9287053255154367,0.05683137989028131
1958-10-01,1958-10-01,18.1351,-0.5682999999999971,2.897849286918725,0.05414993722099082
1958-11-01,1958-11-01,18.0576,-0.07750000000000057,2.893566648792684,0.04686236514226527
1958-12-01,1958-12-01,19.0134,0.9558,2.945143993743144,0.061645804790151804
1959-01-01,1959-01-01,20.0209,1.0075000000000003,2.996776727921582,0.07918439012699618
1959-02-01,1959-02-01,19.6851,-0.33580000000000254,2.979862004392958,0.07917144668296583
1959-03-01,1959-03-01,19.5817,-0.10339999999999705,2.9745954566225112,0.08677138577113519
1959-04-01,1959-04-01,19.1167,-0.46499999999999986,2.950562298584913,0.09788086992155343
1959-05-01,1959-05-01,18.9876,-0.1291000000000011,2.943786134530801,0.11066691255098737
1959-06-01,1959-06-01,19.5817,0.594100000000001,2.9745954566225112,0.11596666229034547
1959-07-01,1959-07-01,20.0984,0.5167000000000002,3.0006402099065737,0.11425416218875029
1959-08-01,1959-08-01,20.5117,0.41329999999999956,3.020995455046281,0.09505816029560865
1959-09-01,1959-09-01,20.7184,0.20669999999999789,3.0310221943324387,0.10231686881700197
1959-10-01,1959-10-01,19.7884,-0.9299999999999997,2.985095907432432,0.08724662051370702
1959-11-01,1959-11-01,19.7367,-0.0517000000000003,2.98247984677805,0.08891319798536612
1959-12-01,1959-12-01,20.8734,1.1367000000000012,3.0384756210928234,0.09333162734967937
1960-01-01,1960-01-01,21.7518,0.8783999999999992,3.079696512731077,0.08291978480949513
1960-02-01,1960-02-01,21.4417,-0.3100999999999985,3.0653376241040085,0.08547561971105067
1960-03-01,1960-03-01,21.5451,0.1034000000000006,3.0701484125051617,0.09555295588265045
1960-04-01,1960-04-01,20.8217,-0.7234000000000016,3.0359957121109034,0.08543341352599043
1960-05-01,1960-05-01,20.2017,-0.620000000000001,3.00576675928188,0.061980624751079016
1960-06-01,1960-06-01,20.7184,0.5167000000000002,3.0310221943324387,0.056426737709927455
1960-07-01,1960-07-01,21.2351,0.5167000000000002,3.0556554729606447,0.055015263054071006
1960-08-01,1960-08-01,22.0617,0.8265999999999991,3.0938430734128537,0.0728476183665725
1960-09-01,1960-09-01,22.0876,0.025900000000000034,3.095016365083217,0.06399417075077851
1960-10-01,1960-10-01,21.0542,-1.0333999999999968,3.0471000651665543,0.062004157734122156
1960-11-01,1960-11-01,20.8217,-0.2325000000000017,3.0359957121109034,0.05351586533285335
1960-12-01,1960-12-01,21.5967,0.7749999999999986,3.072540525240628,0.0340649041478045
1961-01-01,1961-01-01,22.6301,1.0334000000000003,3.11928087854863,0.0395843658175532
1961-02-01,1961-02-01,22.1651,-0.46499999999999986,3.0985189798042545,0.03318135570024605
1961-03-01,1961-03-01,21.8551,-0.3099999999999987,3.084434303916798,0.014285891411636165
1961-04-01,1961-04-01,21.4934,-0.361699999999999,3.0677459112624255,0.03175019915152211
1961-05-01,1961-05-01,21.4934,0.0,3.0677459112624255,0.06197915198054549
1961-06-01,1961-06-01,21.9584,0.46499999999999986,3.089149754241939,0.05812755990950036
1961-07-01,1961-07-01,22.4751,0.5167000000000002,3.112408029735995,0.05675255677535018
1961-08-01,1961-08-01,23.5343,1.0592000000000006,3.158458931474723,0.06461585806186942
1961-09-01,1961-09-01,23.6634,0.12909999999999755,3.163929550677427,0.06891318559421
1961-10-01,1961-10-01,22.7334,-0.9299999999999997,3.1238352087283263,0.07673514356177202
1961-11-01,1961-11-01,22.3976,-0.335799999999999,3.1089538102636456,0.07295809815274223
1961-12-01,1961-12-01,23.3276,0.9299999999999997,3.149637208902834,0.07709668366220601
1962-01-01,1962-01-01,24.7226,1.3949999999999996,3.2077178050522,0.08843692650357005
1962-02-01,1962-02-01,24.0768,-0.6458000000000013,3.1812487212444647,0.08272974144021017
1962-03-01,1962-03-01,23.9218,-0.15499999999999758,3.1747901770873495,0.0903558731705516
1962-04-01,1962-04-01,23.0434,-0.8784000000000027,3.1373793943848356,0.06963348312241013
1962-05-01,1962-05-01,22.9401,-0.10329999999999728,3.132886470889631,0.06514055962720544
1962-06-01,1962-06-01,23.7151,0.7749999999999986,3.166111976061114,0.076962221819175
1962-07-01,1962-07-01,24.4384,0.7233000000000018,3.196155665711928,0.08374763597593304
1962-08-01,1962-08-01,25.1101,0.6716999999999977,3.2232701556386645,0.06481122416394136
1962-09-01,1962-09-01,25.1101,0.0,3.2232701556386645,0.059340604961237275
1962-10-01,1962-10-01,24.0768,-1.0333000000000006,3.1812487212444647,0.057413512516138354
1962-11-01,1962-11-01,23.9218,-0.15499999999999758,3.1747901770873495,0.06583636682370386
1962-12-01,1962-12-01,24.8259,0.9040999999999997,3.211887463050519,0.06225025414768526
1963-01-01,1963-01-01,26.2726,1.4466999999999999,3.2685265710116704,0.06080876595947027
1963-02-01,1963-02-01,25.9626,-0.3100000000000023,3.2566570409040088,0.07540831965954409
1963-03-01,1963-03-01,25.4718,-0.4907999999999966,3.2375719578723534,0.06278178078500396
1963-04-01,1963-04-01,24.5159,-0.9559000000000033,3.1993218866463295,0.06194249226149395
1963-05-01,1963-05-01,24.5159,0.0,3.1993218866463295,0.06643541575669865
1963-06-01,1963-06-01,25.3168,0.8009000000000022,3.2314682069825817,0.0653562309214677
1963-07-01,1963-07-01,26.4534,1.1365999999999978,3.2753846944666223,0.0792290287546944
1963-08-01,1963-08-01,27.3059,0.8525000000000027,3.30710279605707,0.08383264041840555
1963-09-01,1963-09-01,26.9184,-0.38750000000000284,3.2928100676461343,0.06953991200746978
1963-10-01,1963-10-01,25.5493,-1.3690999999999995,3.2406099190141275,0.059361197769662866
1963-11-01,1963-11-01,25.2393,-0.3099999999999987,3.228402303532482,0.05361212644513236
1963-12-01,1963-12-01,26.4793,1.2399999999999984,3.276363295674078,0.06447583262355883
1964-01-01,1964-01-01,28.2101,1.7308000000000021,3.3396800698498765,0.0711534988382061
1964-02-01,1964-02-01,27.3576,-0.8524999999999991,3.3089943696085413,0.05233732870453256
1964-03-01,1964-03-01,27.2801,-0.07750000000000057,3.3061574986576923,0.06858554078533885
1964-04-01,1964-04-01,26.8409,-0.4391999999999996,3.2899268435830233,0.09060495693669379
1964-05-01,1964-05-01,26.6343,-0.20660000000000167,3.28219985881467,0.08287797216834036
1964-06-01,1964-06-01,27.5126,0.8782999999999994,3.314644081557469,0.0831758745748874
1964-07-01,1964-07-01,29.2693,1.7567000000000021,3.3765391851462105,0.10115449067958826
1964-08-01,1964-08-01,30.0701,0.8007999999999988,3.4035313225685693,0.09642852651149925
1964-09-01,1964-09-01,29.4243,-0.6458000000000013,3.3818208635685534,0.08901079592241912
1964-10-01,1964-10-01,27.9001,-1.5242000000000004,3.3286302730502872,0.08802035403615971
1964-11-01,1964-11-01,27.2801,-0.6199999999999974,3.3061574986576923,0.07775519512521045
1964-12-01,1964-12-01,28.8043,1.5242000000000004,3.3605246815524907,0.08416138587841271
1965-01-01,1965-01-01,29.9409,1.1365999999999978,3.3992254386599265,0.059545368810050014
1965-02-01,1965-02-01,29.2693,-0.671599999999998,3.3765391851462105,0.06754481553766922
1965-03-01,1965-03-01,29.321,0.0517000000000003,3.3783039828488457,0.07214648419115344
1965-04-01,1965-04-01,28.6493,-0.6717000000000013,3.3551290100524893,0.06520216646946597
1965-05-01,1965-05-01,28.1584,-0.4908999999999999,3.3378457114938094,0.05564585267913946
1965-06-01,1965-06-01,29.1659,1.0075000000000003,3.3730002186356978,0.05835613707822862
1965-07-01,1965-07-01,30.4834,1.317499999999999,3.417182273153798,0.04064308800758765
1965-08-01,1965-08-01,31.5168,1.0334000000000003,3.450520736993246,0.046989414424676745
1965-09-01,1965-09-01,31.3618,-0.15500000000000114,3.4455905917941907,0.06376972822563731
1965-10-01,1965-10-01,29.8376,-1.5242000000000004,3.3957693431465548,0.06713907009626752
1965-11-01,1965-11-01,29.0368,-0.8007999999999988,3.368563991047453,0.062406492389760704
1965-12-01,1965-12-01,30.5093,1.4725000000000001,3.4180315551680973,0.05750687361560658
1966-01-01,1966-01-01,31.7493,1.240000000000002,3.457870677851562,0.05864523919163567
1966-02-01,1966-02-01,31.6976,-0.0517000000000003,3.456240968237925,0.0797017830917146
1966-03-01,1966-03-01,31.2585,-0.4390999999999998,3.442291339197117,0.06398735634827135
1966-04-01,1966-04-01,30.2768,-0.9817,3.410381742667649,0.055252732615159506
1966-05-01,1966-05-01,30.0443,-0.2325000000000017,3.402672959128725,0.06482724763491543
1966-06-01,1966-06-01,31.2068,1.1625000000000014,3.440636019786014,0.06763580115031642
1966-07-01,1966-07-01,33.8676,2.660800000000002,3.522458805151646,0.10527653199784792
1966-08-01,1966-08-01,34.8751,1.0075000000000003,3.5517731075209316,0.10125237052768554
1966-09-01,1966-09-01,33.8418,-1.033300000000004,3.521696724812767,0.07610613301857638
1966-10-01,1966-10-01,31.7235,-2.118299999999998,3.4570577311587773,0.06128838801222258
1966-11-01,1966-11-01,31.3101,-0.4134000000000029,3.4439407292009876,0.07537673815353463
1966-12-01,1966-12-01,32.731,1.4209000000000032,3.488322641055827,0.07029108588772948
1967-01-01,1967-01-01,34.5227,1.7916999999999987,3.541617078683783,0.08374640083222085
1967-02-01,1967-02-01,33.9469,-0.575800000000001,3.52479753908452,0.06855657084659494
1967-03-01,1967-03-01,32.8941,-1.0527999999999977,3.493293310382554,0.05100197118543681
1967-04-01,1967-04-01,32.6367,-0.25740000000000407,3.485437422043483,0.07505567937583413
1967-05-01,1967-05-01,31.5629,-1.0737999999999985,3.4519823802226,0.04930942109387537
1967-06-01,1967-06-01,32.9433,1.3804000000000016,3.4947879018809602,0.054151882094946036
1967-07-01,1967-07-01,34.0303,1.0869999999999962,3.5272513042247637,0.004792499073117629
1967-08-01,1967-08-01,34.4184,0.38810000000000144,3.538591305100975,-0.01318180241995659
1967-09-01,1967-09-01,33.3846,-1.0337999999999994,3.508094715809269,-0.013602009003498061
1967-10-01,1967-10-01,33.3188,-0.06579999999999586,3.5061218022443454,0.049064071085568095
1967-11-01,1967-11-01,33.8395,0.5206999999999979,3.5216287592151536,0.07768803001416602
1967-12-01,1967-12-01,35.8727,2.033200000000001,3.5799765605262976,0.09165391947047086
1968-01-01,1968-01-01,37.2112,1.3384999999999962,3.6166097912338544,0.07499271255007134
1968-02-01,1968-02-01,36.2878,-0.9234000000000009,3.5914815966262537,0.06668405754173357
1968-03-01,1968-03-01,35.9943,-0.29349999999999454,3.583360592586731,0.09006728220417726
1968-04-01,1968-04-01,34.3456,-1.6487000000000052,3.5364739173050683,0.05103649526158538
1968-05-01,1968-05-01,33.9643,-0.381299999999996,3.5253099729799824,0.07332759275738221
1968-06-01,1968-06-01,36.1243,2.1599999999999966,3.586965769082227,0.09217786720126675
1968-07-01,1968-07-01,36.7772,0.6529000000000025,3.604878087947652,0.07762678372288834
1968-08-01,1968-08-01,38.101,1.3237999999999985,3.6402405285073764,0.10164922340640148
1968-09-01,1968-09-01,37.2582,-0.8427999999999969,3.6178720548277727,0.10977733901850373
1968-10-01,1968-10-01,35.4821,-1.7760999999999996,3.5690283439649066,0.0629065417205612
1968-11-01,1968-11-01,36.1209,0.6387999999999963,3.5868716451818843,0.06524288596673067
1968-12-01,1968-12-01,38.7412,2.6203000000000003,3.6569036332347853,0.07692707270848764
1969-01-01,1969-01-01,40.1646,1.4234000000000009,3.6929860106567283,0.07637621942287387
1969-02-01,1969-02-01,39.742,-0.42260000000000275,3.6824085629836243,0.09092696635737063
1969-03-01,1969-03-01,39.009,-0.732999999999997,3.6637923887372925,0.0804317961505614
1969-04-01,1969-04-01,37.1541,-1.8549000000000007,3.6150741284658325,0.07860021116076421
1969-05-01,1969-05-01,36.3473,-0.8068000000000026,3.5931199233665967,0.0678099503866143
1969-06-01,1969-06-01,38.9665,2.6192000000000064,3.6627023026408003,0.07573653355857335
1969-07-01,1969-07-01,40.8649,1.8983999999999952,3.710271503883244,0.10539341593559204
1969-08-01,1969-08-01,42.2285,1.3635999999999981,3.7430953485423366,0.10285482003496016
1969-09-01,1969-09-01,40.3886,-1.8399,3.698547566929518,0.08067551210174528
1969-10-01,1969-10-01,38.7361,-1.6524999999999963,3.656771981770231,0.08774363780532424
1969-11-01,1969-11-01,39.7794,1.0433000000000021,3.683349190355818,0.0964775451739337
1969-12-01,1969-12-01,41.202,1.4225999999999956,3.718486798866594,0.06158316563180888
1970-01-01,1970-01-01,43.0869,1.8849000000000018,3.7632190065937214,0.07023299593699317
1970-02-01,1970-02-01,42.5578,-0.5290999999999997,3.750863151968002,0.06845458898437773
1970-03-01,1970-03-01,41.6215,-0.9363000000000028,3.728616860681259,0.06482447194396634
1970-04-01,1970-04-01,40.1982,-1.4232999999999976,3.693822218503092,0.07874809003725947
1970-05-01,1970-05-01,39.9321,-0.26610000000000156,3.6871805117282803,0.09406058836168363
1970-06-01,1970-06-01,41.1847,1.252600000000001,3.7180668281612674,0.05536452552046711
1970-07-01,1970-07-01,43.223,2.0382999999999996,3.7663727609789333,0.05610125709568914
1970-08-01,1970-08-01,44.8139,1.5908999999999978,3.8025183591549645,0.05942301061262789
1970-09-01,1970-09-01,43.6007,-1.2131999999999934,3.7750732052719793,0.07652563834246129
1970-10-01,1970-10-01,40.5467,-3.054000000000002,3.70245439623871,0.045682414468479315
1970-11-01,1970-11-01,40.9385,0.3917999999999964,3.7120709405780405,0.028721750222222564
1970-12-01,1970-12-01,42.1117,1.1732000000000014,3.740325611817295,0.02183881295070078
1971-01-01,1971-01-01,44.9517,2.8400000000000034,3.805588580002256,0.042369573408534755
1971-02-01,1971-02-01,44.3696,-0.5821000000000041,3.7925545502498887,0.04169139828188673
1971-03-01,1971-03-01,42.7548,-1.6147999999999954,3.7554814697815173,0.026864609100258452
1971-04-01,1971-04-01,41.4234,-1.3314000000000021,3.723845938547388,0.0300237200442961
1971-05-01,1971-05-01,40.8295,-0.5938999999999979,3.7094048593588784,0.022224347630598107
1971-06-01,1971-06-01,43.5488,2.719299999999997,3.7738821483838616,0.05581532022259417
1971-07-01,1971-07-01,45.1876,1.6388000000000034,3.810822712917918,0.04444995193898471
1971-08-01,1971-08-01,46.1091,0.9214999999999947,3.8310103274855094,0.028491968330544903
1971-09-01,1971-09-01,45.505,-0.6040999999999954,3.817822210029319,0.04274900475733956
1971-10-01,1971-10-01,43.9496,-1.555400000000006,3.7830435228383474,0.08058912659963724
1971-11-01,1971-11-01,44.003,0.053400000000003445,3.7842578134121685,0.07218687283412795
1971-12-01,1971-12-01,45.6054,1.602400000000003,3.820026130561753,0.07970051874445794
1972-01-01,1972-01-01,48.8393,3.2338999999999984,3.88853531662546,0.08294673662320395
1972-02-01,1972-02-01,50.0191,1.1798000000000002,3.912404932484722,0.11985038223483313
1972-03-01,1972-03-01,47.8421,-2.1769999999999996,3.867906005000031,0.11242453521851381
1972-04-01,1972-04-01,44.5127,-3.3293999999999997,3.7957745417137123,0.07192860316632421
1972-05-01,1972-05-01,42.1062,-2.406500000000001,3.7401949982539593,0.030790138895080865
1972-06-01,1972-06-01,43.8217,1.7154999999999987,3.780129128485555,0.0062469801016935556
1972-07-01,1972-07-01,45.3964,1.5747,3.81543280674909,0.004610093831172168
1972-08-01,1972-08-01,47.9892,2.592799999999997,3.8709759855915933,0.03996565810608388
1972-09-01,1972-09-01,46.8293,-1.1598999999999933,3.8465090754006237,0.028686865371304826
1972-10-01,1972-10-01,44.6882,-2.1411000000000016,3.7997094846672064,0.016665961828858933
1972-11-01,1972-11-01,47.1979,2.509699999999995,3.8543494000763086,0.07009158666414006
1972-12-01,1972-12-01,52.176,4.978100000000005,3.9546226190469635,0.13459648848521066
1973-01-01,1973-01-01,55.9342,3.758199999999995,4.024175999881427,0.1356406832559669
1973-02-01,1973-02-01,53.9974,-1.936799999999998,3.988935897256967,0.07653096477224519
1973-03-01,1973-03-01,50.5102,-3.4872000000000014,3.92217529608408,0.05426929108404899
1973-04-01,1973-04-01,46.8192,-3.6909999999999954,3.8462933752017063,0.05051883348799402
1973-05-01,1973-05-01,44.9289,-1.8903000000000034,3.805081240253989,0.06488624200002979
1973-06-01,1973-06-01,47.4589,2.530000000000001,3.859864073326459,0.07973494484090393
1973-07-01,1973-07-01,49.3168,1.8579000000000008,3.8982647937905406,0.08283198704145045
1973-08-01,1973-08-01,51.091,1.7742000000000004,3.9336083564531683,0.06263237086157503
1973-09-01,1973-09-01,50.0826,-1.0084000000000017,3.913673642377113,0.06716456697648931
1973-10-01,1973-10-01,47.0794,-3.0031999999999996,3.8518355380457865,0.05212605337858012
1973-11-01,1973-11-01,47.8829,0.8034999999999997,3.8687584469424836,0.014409046866175057
1973-12-01,1973-12-01,49.7968,1.9138999999999982,3.9079507249379235,-0.046671894109040046
1974-01-01,1974-01-01,53.8212,4.0244,3.9856674415942313,-0.03850855828719579
1974-02-01,1974-02-01,51.6563,-2.164899999999996,3.944612162957913,-0.044323734299053896
1974-03-01,1974-03-01,49.7985,-1.8578000000000046,3.9079848630950487,-0.014190432989031443
1974-04-01,1974-04-01,46.8319,-2.9665999999999997,3.8465645946551423,0.0002712194534360002
1974-05-01,1974-05-01,45.4161,-1.4157999999999973,3.8158666677331845,0.01078542747919542
1974-06-01,1974-06-01,47.1087,1.6925999999999988,3.852457697340753,-0.007406375985706148
1974-07-01,1974-07-01,50.7056,3.596899999999998,3.9260363581464977,0.027771564355957068
1974-08-01,1974-08-01,51.7371,1.0315000000000012,3.9461751257088924,0.012566769255724086
1974-09-01,1974-09-01,48.6742,-3.062899999999999,3.885149115581339,-0.028524526795774108
1974-10-01,1974-10-01,47.1172,-1.5570000000000022,3.8526381148273052,0.0008025767815187379
1974-11-01,1974-11-01,47.7516,0.6344000000000065,3.8660125742187668,-0.0027458727237168468
1974-12-01,1974-12-01,52.9379,5.186299999999996,3.9691195284640095,0.061168803526086
1975-01-01,1975-01-01,55.6989,2.761000000000003,4.01996039808473,0.03429295649049857
1975-02-01,1975-02-01,54.4115,-1.2874000000000052,3.996575528579511,0.051963365621597646
1975-03-01,1975-03-01,52.1395,-2.2719999999999985,3.9539228188928237,0.04593795579777504
1975-04-01,1975-04-01,49.3369,-2.802599999999998,3.898672279779979,0.05210768512483677
1975-05-01,1975-05-01,46.1066,-3.2302999999999997,3.8309561067833813,0.015089439050196773
1975-06-01,1975-06-01,47.3769,1.2702999999999989,3.8581347681392817,0.005677070798528749
1975-07-01,1975-07-01,50.5251,3.1482000000000028,3.922470242505935,-0.0035661156405626393
1975-08-01,1975-08-01,52.2585,1.733399999999996,3.956202557039895,0.010027431331002479
1975-09-01,1975-09-01,49.432,-2.826499999999996,3.9005979877586783,0.015448872177339368
1975-10-01,1975-10-01,46.7476,-2.6844000000000037,3.8447629175185165,-0.007875197308788717
1975-11-01,1975-11-01,47.7981,1.0504999999999995,3.866985889753425,0.0009733155346580702
1975-12-01,1975-12-01,54.4112,6.613100000000003,3.996570015023975,0.027450486559965626
1976-01-01,1976-01-01,60.6121,6.200899999999997,4.104494543110871,0.08453414502614098
1976-02-01,1976-02-01,56.9337,-3.6783999999999963,4.041887432946652,0.045311904367141054
1976-03-01,1976-03-01,52.9187,-4.015000000000001,3.968756773563313,0.014833954670489202
1976-04-01,1976-04-01,48.7185,-4.200200000000002,3.886058834750336,-0.0126134450296429
1976-05-01,1976-05-01,46.6811,-2.037399999999998,3.8433393718365134,0.012383265053132142
1976-06-01,1976-06-01,49.2486,2.5675000000000026,3.896880940818121,0.0387461726788394
1976-07-01,1976-07-01,52.022,2.773399999999995,3.9516667060326975,0.02919646352676253
1976-08-01,1976-08-01,53.3791,1.3571000000000026,3.977419283586959,0.02121672654706419
1976-09-01,1976-09-01,51.1013,-2.277799999999999,3.9338099371991713,0.033211949440492994
1976-10-01,1976-10-01,49.1373,-1.9639999999999986,3.8946184205285532,0.04985550301003672
1976-11-01,1976-11-01,53.2579,4.120599999999996,3.9751461503932632,0.10816026063983841
1976-12-01,1976-12-01,60.8207,7.562800000000003,4.107930191554903,0.111360176530928
1977-01-01,1977-01-01,66.1065,5.285799999999995,4.191267077877753,0.08677253476688218
1977-02-01,1977-02-01,61.3553,-4.751199999999997,4.116681556993608,0.07479412404695651
1977-03-01,1977-03-01,54.9875,-6.367800000000003,4.007105886674838,0.03834911311152478
1977-04-01,1977-04-01,50.5114,-4.476099999999995,3.9221990533795505,0.03614021862921435
1977-05-01,1977-05-01,49.3162,-1.1951999999999998,3.898252627477035,0.05491325564052163
1977-06-01,1977-06-01,52.3147,2.9985,3.957277402323593,0.060396461505471954
1977-07-01,1977-07-01,55.7601,3.4453999999999994,4.021058559850947,0.06939185381824942
1977-08-01,1977-08-01,55.929,0.16890000000000072,4.024083029181434,0.04666374559447517
1977-09-01,1977-09-01,53.2255,-2.7035000000000053,3.9745376048171477,0.040727667617976415
1977-10-01,1977-10-01,50.7423,-2.4831999999999965,3.926759882272694,0.0321414617441409
1977-11-01,1977-11-01,51.8983,1.1559999999999988,3.9492860343367253,-0.02586011605653793
1977-12-01,1977-12-01,59.5842,7.685900000000004,4.0873904382547686,-0.020539753300134578
1978-01-01,1978-01-01,65.4681,5.883900000000004,4.18156300110627,-0.009704076771482661
1978-02-01,1978-02-01,64.4632,-1.0049000000000063,4.166094518344685,0.04941296135107631
1978-03-01,1978-03-01,58.7322,-5.731000000000002,4.072988128393538,0.06588224171870039
1978-04-01,1978-04-01,51.4137,-7.3185,3.9399046739114336,0.01770562053188307
1978-05-01,1978-05-01,49.9912,-1.4224999999999994,3.9118469899383284,0.013594362461293308
1978-06-01,1978-06-01,53.1982,3.2070000000000007,3.97402456118873,0.016747158865137113
1978-07-01,1978-07-01,55.5156,2.3173999999999992,4.0166640623375836,-0.0043944975133634046
1978-08-01,1978-08-01,57.5132,1.9975999999999985,4.052014486674634,0.027931457493199474
1978-09-01,1978-09-01,55.0594,-2.453800000000001,4.008412602452035,0.033874997634887105
1978-10-01,1978-10-01,52.1993,-2.8600999999999956,3.955069084836993,0.028309202564298808
1978-11-01,1978-11-01,54.0541,1.8547999999999973,3.9899853968974965,0.040699362560771224
1978-12-01,1978-12-01,60.7576,6.703499999999998,4.106892177276603,0.01950173902183483
1979-01-01,1979-01-01,68.7075,7.9498999999999995,4.229858363575336,0.04829536246906585
1979-02-01,1979-02-01,68.1212,-0.5862999999999943,4.2212884716111425,0.05519395326645782
1979-03-01,1979-03-01,61.374,-6.747199999999999,4.116986292702926,0.04399816430938763
1979-04-01,1979-04-01,55.2722,-6.101800000000004,4.012270069648611,0.0723653957371777
1979-05-01,1979-05-01,51.4048,-3.8673999999999964,3.9397315533149997,0.027884563376671334
1979-06-01,1979-06-01,53.2473,1.8425000000000011,3.9749470990786797,0.0009225378899495595
1979-07-01,1979-07-01,55.4418,2.194499999999998,4.015333821887056,-0.0013302404505273202
1979-08-01,1979-08-01,57.6476,2.2057999999999964,4.054348615319439,0.002334128644805311
1979-09-01,1979-09-01,54.2322,-3.415399999999998,3.9932748279814305,-0.01513777447060427
1979-10-01,1979-10-01,52.7558,-1.4763999999999982,3.9656737189184663,0.010604634081473385
1979-11-01,1979-11-01,54.6456,1.889800000000001,4.000868699029928,0.010883302132431272
1979-12-01,1979-12-01,60.0874,5.441800000000001,4.095800168979044,-0.01109200829755963
1980-01-01,1980-01-01,65.381,5.293599999999998,4.180231696376402,-0.04962666719893427
1980-02-01,1980-02-01,64.7721,-0.6089000000000055,4.170874955087016,-0.0504135165241264
1980-03-01,1980-03-01,60.8807,-3.8913999999999973,4.108916211516238,-0.008070081186687617
1980-04-01,1980-04-01,53.1114,-7.769299999999994,3.9723915944709876,-0.03987847517762377
1980-05-01,1980-05-01,49.7992,-3.3122000000000043,3.9079989196445477,-0.03173263367045198
1980-06-01,1980-06-01,52.4268,2.627600000000001,3.959417910962508,-0.015529188116171877
1980-07-01,1980-07-01,58.5254,6.098599999999998,4.0694608480396495,0.05412702615259324
1980-08-01,1980-08-01,60.4105,1.8851000000000013,4.101162930891766,0.04681431557232685
1980-09-01,1980-09-01,57.738,-2.6724999999999994,4.055915535602319,0.06264070762088814
1980-10-01,1980-10-01,54.7637,-2.9742999999999995,4.0030275657052306,0.03735384678676423
1980-11-01,1980-11-01,56.4616,1.697899999999997,4.033560761070641,0.032692062040712955
1980-12-01,1980-12-01,63.4413,6.979700000000001,4.150115068919917,0.05431489994087357
1981-01-01,1981-01-01,69.2715,5.830200000000005,4.238033566195903,0.057801869819501306
1981-02-01,1981-02-01,63.6341,-5.637400000000007,4.153149490183784,-0.017725464903231902
1981-03-01,1981-03-01,60.1027,-3.531399999999998,4.0960547656568504,-0.012861445859387644
1981-04-01,1981-04-01,54.1446,-5.958100000000002,3.9916582454826415,0.019266651011653924
1981-05-01,1981-05-01,52.2484,-1.8962000000000003,3.9560092683664876,0.04801034872193988
1981-06-01,1981-06-01,56.4915,4.243100000000005,4.034090184356915,0.07467227339440674
1981-07-01,1981-07-01,60.622,4.130499999999998,4.104657863497165,0.03519701545751541
1981-08-01,1981-08-01,60.6506,0.028599999999997294,4.105129528168825,0.0039665972770590585
1981-09-01,1981-09-01,56.3729,-4.277699999999996,4.031988546574699,-0.02392698902761925
1981-10-01,1981-10-01,54.6841,-1.6888000000000005,4.0015729907565385,-0.0014545749486920556
1981-11-01,1981-11-01,55.7249,1.0407999999999973,4.020427084743629,-0.013133676327012012
1981-12-01,1981-12-01,63.4345,7.709600000000002,4.150007877477475,-0.00010719144244220047
1982-01-01,1982-01-01,70.6727,7.238200000000006,4.258059359717954,0.02002579352205114
1982-02-01,1982-02-01,64.2728,-6.399900000000002,4.163136524639287,0.009987034455503085
1982-03-01,1982-03-01,59.7759,-4.496900000000004,4.090602569692773,-0.005452195964077866
1982-04-01,1982-04-01,54.109,-5.666899999999998,3.9910005306115734,-0.000657714871068027
1982-05-01,1982-05-01,49.8577,-4.2513000000000005,3.9091729478697768,-0.046836320496710826
1982-06-01,1982-06-01,52.7065,2.848799999999997,3.96473878760005,-0.06935139675686441
1982-07-01,1982-07-01,56.6437,3.9372000000000043,4.036780772110646,-0.06787709138651898
1982-08-01,1982-08-01,57.1923,0.5486000000000004,4.046419273939673,-0.05871025422915199
1982-09-01,1982-09-01,54.0,-3.192300000000003,3.9889840465642745,-0.043004500010424884
1982-10-01,1982-10-01,51.7022,-2.2978000000000023,3.9455003338005112,-0.056072656956027256
1982-11-01,1982-11-01,54.0655,2.3633000000000024,3.990196274481991,-0.030230810261637764
1982-12-01,1982-12-01,58.7664,4.700899999999997,4.073570263005624,-0.07643761447185149
1983-01-01,1983-01-01,65.9628,7.196400000000004,4.1890909467601025,-0.06896841295785183
1983-02-01,1983-02-01,59.162,-6.800800000000002,4.0802794438972665,-0.0828570807420208
1983-03-01,1983-03-01,57.314,-1.847999999999999,4.048544921975177,-0.04205764771759579
1983-04-01,1983-04-01,52.9718,-4.342199999999998,3.969759696478039,-0.021240834133534392
1983-05-01,1983-05-01,49.1707,-3.8011000000000053,3.8952979176454736,-0.013875030224303142
1983-06-01,1983-06-01,51.7103,2.5396,3.9456569879770678,-0.0190817996229824
1983-07-01,1983-07-01,57.9314,6.2211,4.059259551914735,0.0224787798040893
1983-08-01,1983-08-01,61.588,3.6566000000000045,4.120467046367672,0.07404777242799909
1983-09-01,1983-09-01,57.8078,-3.7802000000000007,4.057123714670542,0.06813966810626759
1983-10-01,1983-10-01,53.7753,-4.032499999999999,3.98481425393879,0.039313920138278835
1983-11-01,1983-11-01,55.798,2.0227000000000004,4.0217380264510085,0.03154175196901754
1983-12-01,1983-12-01,65.6301,9.832099999999997,4.184034432177904,0.11046416917228008
1984-01-01,1984-01-01,73.2688,7.6387,4.294134870256944,0.10504392349684188
1984-02-01,1984-02-01,66.2545,-7.014300000000006,4.193503387087867,0.1132239431906008
1984-03-01,1984-03-01,63.2801,-2.9743999999999957,4.147570903736279,0.09902598176110189
1984-04-01,1984-04-01,57.4501,-5.829999999999998,4.050916744937288,0.08115704845924876
1984-05-01,1984-05-01,55.1499,-2.3001999999999967,4.01005493246124,0.11475701481576639
1984-06-01,1984-06-01,57.9273,2.7774,4.059188776047205,0.1135317880701372
1984-07-01,1984-07-01,60.6775,2.7501999999999995,4.105572953895277,0.04631340198054179
1984-08-01,1984-08-01,62.3596,1.6820999999999984,4.132917629800819,0.012450583433146534
1984-09-01,1984-09-01,58.0827,-4.276899999999998,4.061867857039331,0.004744142368789284
1984-10-01,1984-10-01,54.7212,-3.3614999999999995,4.002251202898401,0.017436948959611343
1984-11-01,1984-11-01,57.1673,2.446099999999994,4.045982056593718,0.02424403014270915
1984-12-01,1984-12-01,63.3492,6.181900000000006,4.148662278431689,-0.03537215374621461
1985-01-01,1985-01-01,72.6803,9.3311,4.286070371202445,-0.00806449905449913
1985-02-01,1985-02-01,70.8479,-1.832400000000007,4.260535325612728,0.06703193852486056
1985-03-01,1985-03-01,62.6166,-8.231299999999997,4.137030418672036,-0.010540485064242766
1985-04-01,1985-04-01,57.6106,-5.006,4.053706578548589,0.002789833611300807
1985-05-01,1985-05-01,55.4467,-2.163899999999998,4.015422198950561,0.005367266489320954
1985-06-01,1985-06-01,58.2228,2.7760999999999996,4.064277030599706,0.005088254552500615
1985-07-01,1985-07-01,62.7591,4.536299999999997,4.13930358741784,0.03373063352256267
1985-08-01,1985-08-01,63.3921,0.6330000000000027,4.149339248001015,0.016421618200196164
1985-09-01,1985-09-01,60.7507,-2.6413999999999973,4.106778604788017,0.044910747748685864
1985-10-01,1985-10-01,56.4553,-4.295400000000001,4.033449174585242,0.03119797168684091
1985-11-01,1985-11-01,58.1385,1.6831999999999994,4.062828095004308,0.016846038410590403
1985-12-01,1985-12-01,68.8758,10.737299999999998,4.232304882650631,0.08364260421894176
1986-01-01,1986-01-01,73.4956,4.619799999999998,4.297225540481295,0.011155169278850074
1986-02-01,1986-02-01,68.1637,-5.33189999999999,4.221912165085294,-0.03862316052743342
1986-03-01,1986-03-01,62.3923,-5.771400000000007,4.133441870325394,-0.0035885483466415735
1986-04-01,1986-04-01,57.1915,-5.200800000000001,4.046405285944869,-0.007301292603719922
1986-05-01,1986-05-01,55.9599,-1.2316000000000003,4.024635362804976,0.009213163854415285
1986-06-01,1986-06-01,60.0336,4.073700000000002,4.094904405480615,0.030627374880909386
1986-07-01,1986-07-01,65.9077,5.874100000000006,4.1882552783853475,0.048951690967507844
1986-08-01,1986-08-01,64.645,-1.2627000000000095,4.168910762706517,0.019571514705502224
1986-09-01,1986-09-01,61.1742,-3.470799999999997,4.113725532005794,0.006946927217776455
1986-10-01,1986-10-01,57.6978,-3.476399999999998,4.055219044537587,0.021769869952344756
1986-11-01,1986-11-01,59.4964,1.7986000000000004,4.08591580651945,0.023087711515142217
1986-12-01,1986-12-01,68.3302,8.833800000000004,4.224351835760451,-0.007953046890180282
1987-01-01,1987-01-01,74.0173,5.687100000000001,4.304298849664783,0.007073309183487808
1987-02-01,1987-02-01,70.254,-3.763300000000001,4.252117246094643,0.030205081009348156
1987-03-01,1987-03-01,65.7966,-4.457400000000007,4.1865681652637186,0.053126294938324214
1987-04-01,1987-04-01,60.3229,-5.473700000000001,4.099711799467119,0.053306513522250576
1987-05-01,1987-05-01,59.0245,-1.2983999999999938,4.077952611948827,0.053317249143851164
1987-06-01,1987-06-01,64.0345,5.009999999999991,4.159422000617677,0.06451759513706179
1987-07-01,1987-07-01,69.0282,4.993700000000004,4.234515116756113,0.04625983837076575
1987-08-01,1987-08-01,70.2369,1.2087000000000074,4.251873813956554,0.08296305125003745
1987-09-01,1987-09-01,64.2987,-5.938200000000009,4.163539413309799,0.049813881304005214
1987-10-01,1987-10-01,60.5402,-3.758499999999998,4.10330760718904,0.04808856265145334
1987-11-01,1987-11-01,62.6219,2.081699999999998,4.13711505718181,0.05119925066235975
1987-12-01,1987-12-01,70.7671,8.145200000000003,4.259394203432621,0.03504236767217073
1988-01-01,1988-01-01,80.0833,9.316199999999995,4.383067342949115,0.07876849328433178
1988-02-01,1988-02-01,76.3631,-3.7201999999999913,4.335499595204798,0.0833823491101553
1988-03-01,1988-03-01,70.4954,-5.867699999999999,4.255547459462514,0.06897929419879567
1988-04-01,1988-04-01,63.4244,-7.071000000000005,4.149848645448483,0.050136845981363365
1988-05-01,1988-05-01,61.5776,-1.8468000000000018,4.120298168044103,0.04234555609527568
1988-06-01,1988-06-01,67.2741,5.6965000000000074,4.208775318597063,0.04935331797938591
1988-07-01,1988-07-01,73.1676,5.893499999999989,4.292752700029992,0.05823758327387907
1988-08-01,1988-08-01,75.9479,2.780300000000011,4.330047578889935,0.07817376493338024
1988-09-01,1988-09-01,67.7223,-8.2256,4.21541552006681,0.051876106757011264
1988-10-01,1988-10-01,63.4592,-4.263100000000001,4.1503971797093735,0.04708957252033308
1988-11-01,1988-11-01,65.2706,1.811399999999999,4.178541705189523,0.041426648007712785
1988-12-01,1988-12-01,74.0492,8.778599999999997,4.304729737144308,0.04533553371168697
1989-01-01,1989-01-01,78.1368,4.087599999999995,4.358461136651173,-0.024606206297941746
1989-02-01,1989-02-01,76.8499,-1.2868999999999886,4.341854168747584,0.00635457354278568
1989-03-01,1989-03-01,73.5377,-3.3122000000000043,4.297798199887709,0.042250740425195055
1989-04-01,1989-04-01,65.2676,-8.2701,4.178495741632487,0.028647096184004184
1989-05-01,1989-05-01,63.8617,-1.4059000000000026,4.156719807665164,0.03642163962106082
1989-06-01,1989-06-01,68.6587,4.796999999999997,4.229147853973222,0.020372535376159462
1989-07-01,1989-07-01,74.2491,5.5904000000000025,4.307425656397225,0.014672956367232537
1989-08-01,1989-08-01,75.2704,1.0212999999999965,4.321086963234525,-0.008960615655409399
1989-09-01,1989-09-01,69.5107,-5.759699999999995,4.241480697555142,0.026065177488331592
1989-10-01,1989-10-01,66.062,-3.4487000000000023,4.190593695011464,0.040196515302090674
1989-11-01,1989-11-01,69.2555,3.1935000000000002,4.237802564296329,0.05926085910680623
1989-12-01,1989-12-01,84.404,15.148499999999999,4.43561479384381,0.13088505669950212
1990-01-01,1990-01-01,84.6447,0.2407000000000039,4.438462495868862,0.0800013592176887
1990-02-01,1990-02-01,77.4221,-7.2226,4.349272269555592,0.007418100808008532
1990-03-01,1990-03-01,73.4205,-4.001599999999996,4.296203188178978,-0.0015950117087308868
1990-04-01,1990-04-01,67.4636,-5.9569000000000045,4.211588193166657,0.03309245153416995
1990-05-01,1990-05-01,66.0145,-1.4491000000000014,4.189874414866277,0.03315460720111307
1990-06-01,1990-06-01,71.6535,5.638999999999996,4.271842001650563,0.04269414767734059
1990-07-01,1990-07-01,76.8376,5.184100000000001,4.341694103680141,0.03426844728291645
1990-08-01,1990-08-01,77.3265,0.488900000000001,4.348036717025077,0.026949753790551867
1990-09-01,1990-09-01,73.277,-4.049499999999995,4.294246780663228,0.05276608310808584
1990-10-01,1990-10-01,67.6237,-5.6533000000000015,4.2139585133219795,0.02336481831051529
1990-11-01,1990-11-01,68.7675,1.1437999999999988,4.230731249610028,-0.007071314686300845
1990-12-01,1990-12-01,77.9179,9.150400000000005,4.355655708252416,-0.07995908559139409
1991-01-01,1991-01-01,86.2914,8.373499999999993,4.45772994074832,0.019267444879457862
1991-02-01,1991-02-01,77.8027,-8.488699999999994,4.354176134952343,0.00490386539675125
1991-03-01,1991-03-01,73.6061,-4.196600000000004,4.298727902735219,0.0025247145562410367
1991-04-01,1991-04-01,67.3549,-6.251199999999997,4.209975654478655,-0.0016125386880014858
1991-05-01,1991-05-01,69.0228,1.667900000000003,4.234436884798319,0.044562469932041715
1991-06-01,1991-06-01,75.0839,6.061099999999996,4.318606154961669,0.046764153311106504
1991-07-01,1991-07-01,80.3488,5.264899999999997,4.38637715741114,0.044683053730998346
1991-08-01,1991-08-01,79.4052,-0.9436000000000035,4.374563857292515,0.0265271402674383
1991-09-01,1991-09-01,73.8126,-5.59259999999999,4.3015294487407445,0.007282668077516874
1991-10-01,1991-10-01,68.9572,-4.855400000000003,4.233486022282843,0.01952750896086375
1991-11-01,1991-11-01,72.7156,3.7583999999999946,4.286555941988054,0.05582469237802545
1991-12-01,1991-12-01,79.7391,7.0234999999999985,4.378760055207798,0.02310434695538177
1992-01-01,1992-01-01,85.556,5.816900000000004,4.449171132303212,-0.008558808445108035
1992-02-01,1992-02-01,80.4178,-5.138199999999998,4.387235544715925,0.033059409763581904
1992-03-01,1992-03-01,74.739,-5.678799999999995,4.314002044251478,0.015274141516258943
1992-04-01,1992-04-01,69.8367,-4.902300000000011,4.246159659555883,0.036184005077227965
1992-05-01,1992-05-01,67.3781,-2.45859999999999,4.210320039302407,-0.024116845495911754
1992-06-01,1992-06-01,71.4197,4.0416000000000025,4.2685737416534195,-0.0500324133082497
1992-07-01,1992-07-01,77.7263,6.306599999999989,4.353193681440198,-0.033183475970941956
1992-08-01,1992-08-01,76.7791,-0.9471999999999952,4.340932467701398,-0.03363138959111733
1992-09-01,1992-09-01,72.5681,-4.2109999999999985,4.284525431329553,-0.01700401741119162
1992-10-01,1992-10-01,69.2363,-3.331800000000001,4.237525291560716,0.00403926927787257
1992-11-01,1992-11-01,73.7175,4.481200000000001,4.300240220126757,0.013684278138703654
1992-12-01,1992-12-01,84.7818,11.064300000000003,4.440080897121613,0.06132084191381448
1993-01-01,1993-01-01,88.2287,3.4468999999999994,4.479932306908077,0.030761174604865715
1993-02-01,1993-02-01,84.7919,-3.436800000000005,4.440200019367715,0.052964474651790105
1993-03-01,1993-03-01,79.6885,-5.1033999999999935,4.378125284293615,0.06412324004213676
1993-04-01,1993-04-01,71.2731,-8.415400000000005,4.2665189771301995,0.020359317574316194
1993-05-01,1993-05-01,67.9111,-3.3619999999999948,4.218199496903512,0.007879457601105422
1993-06-01,1993-06-01,74.5503,6.639199999999988,4.31147406534752,0.04290032369410035
1993-07-01,1993-07-01,82.3366,7.786300000000011,4.410815723286151,0.05762204184595365
1993-08-01,1993-08-01,82.2906,-0.04600000000000648,4.410256884877953,0.06932441717655458
1993-09-01,1993-09-01,74.8323,-7.458299999999994,4.31524960995561,0.030724178626057252
1993-10-01,1993-10-01,69.8758,-4.9565000000000055,4.246719380425824,0.009194088865108085
1993-11-01,1993-11-01,74.6278,4.751999999999995,4.312513091946896,0.01227287182013903
1993-12-01,1993-12-01,84.4669,9.839100000000002,4.4363597416460525,-0.0037211554755600673
1994-01-01,1994-01-01,94.4017,9.93480000000001,4.547559081463881,0.06762677455580324
1994-02-01,1994-02-01,87.4053,-6.996400000000008,4.470555921555181,0.03035590218746531
1994-03-01,1994-03-01,79.4751,-7.930199999999999,4.375443765053388,-0.0026815192402267485
1994-04-01,1994-04-01,71.1817,-8.293399999999991,4.265235762910084,-0.0012832142201153474
1994-05-01,1994-05-01,69.5934,-1.5883000000000038,4.242669735257747,0.024470238354235008
1994-06-01,1994-06-01,78.1988,8.605400000000003,4.359254302164984,0.047780236817463795
1994-07-01,1994-07-01,83.5287,5.329899999999995,4.425190285376025,0.014374562089873422
1994-08-01,1994-08-01,82.1321,-1.3966000000000065,4.408328926644744,-0.001927958233208571
1994-09-01,1994-09-01,75.9181,-6.213999999999999,4.329655127644989,0.014405517689378478
1994-10-01,1994-10-01,71.4802,-4.437899999999999,4.269420488272764,0.022701107846939905
1994-11-01,1994-11-01,75.4754,3.995199999999997,4.323806775346994,0.01129368340009762
1994-12-01,1994-12-01,85.0772,9.601800000000011,4.443559079588321,0.007199337942268791
1995-01-01,1995-01-01,92.7412,7.6640000000000015,4.529812818280076,-0.017746263183804345
1995-02-01,1995-02-01,87.667,-5.074200000000005,4.473545545783795,0.0029896242286140406
1995-03-01,1995-03-01,81.5205,-6.146500000000003,4.4008545223598405,0.025410757306452147
1995-04-01,1995-04-01,74.0457,-7.474800000000002,4.304682470155362,0.03944670724527821
1995-05-01,1995-05-01,73.5003,-0.5454000000000008,4.2972894878431145,0.05461975258536711
1995-06-01,1995-06-01,78.5503,5.049999999999997,4.363739183917762,0.004484881752778058
1995-07-01,1995-07-01,86.2425,7.692200000000014,4.457163095608792,0.03197281023276766
1995-08-01,1995-08-01,89.8063,3.5637999999999863,4.497655128749348,0.08932620210460396
1995-09-01,1995-09-01,78.7442,-11.062099999999987,4.366204624199739,0.03654949655475015
1995-10-01,1995-10-01,73.9353,-4.808900000000008,4.303190386435396,0.03376989816263265
1995-11-01,1995-11-01,79.8903,5.954999999999998,4.38065444365025,0.056847668303255716
1995-12-01,1995-12-01,91.0933,11.203000000000003,4.51188425600697,0.06832517641864833
1996-01-01,1996-01-01,99.2688,8.1755,4.597831322284384,0.06801850400430798
1996-02-01,1996-02-01,93.1691,-6.099699999999999,4.534416121653952,0.06087057587015732
1996-03-01,1996-03-01,87.2075,-5.961600000000004,4.468290336390669,0.06743581403082821
1996-04-01,1996-04-01,77.4715,-9.73599999999999,4.34991012679017,0.045227656634807545
1996-05-01,1996-05-01,76.9337,-0.5378000000000043,4.342944011985673,0.04565452414255855
1996-06-01,1996-06-01,82.1958,5.262100000000004,4.409104205866235,0.04536502194847358
1996-07-01,1996-07-01,86.2321,4.036299999999997,4.457042498140961,-0.00012059746783155134
1996-08-01,1996-08-01,86.824,0.5918999999999954,4.463883081143714,-0.033772047605634015
1996-09-01,1996-09-01,79.4425,-7.381500000000003,4.375033489533783,0.008828865334043812
1996-10-01,1996-10-01,74.911,-4.531499999999994,4.3163007422232464,0.013110355787850025
1996-11-01,1996-11-01,81.3,6.388999999999996,4.398146016553765,0.01749157290351544
1996-12-01,1996-12-01,90.753,9.453000000000003,4.508141530449801,-0.0037427255571689244
1997-01-01,1997-01-01,98.7482,7.995199999999997,4.592573175767001,-0.005258146517383544
1997-02-01,1997-02-01,90.0486,-8.699600000000004,4.500349524582732,-0.03406659707122017
1997-03-01,1997-03-01,83.2671,-6.781499999999994,4.422053513173156,-0.046236823217512324
1997-04-01,1997-04-01,76.3793,-6.887799999999999,4.335711717052572,-0.014198409737598006
1997-05-01,1997-05-01,74.0777,-2.3016000000000076,4.305114542339741,-0.03782946964593226
1997-06-01,1997-06-01,80.0138,5.93610000000001,4.382199119797467,-0.02690508606876829
1997-07-01,1997-07-01,88.7168,8.703000000000003,4.485449273861419,0.028406775720458022
1997-08-01,1997-08-01,88.0487,-0.6681000000000097,4.4778900704947775,0.014006989351063481
1997-09-01,1997-09-01,82.1801,-5.868600000000001,4.408913180295603,0.033879690761820846
1997-10-01,1997-10-01,77.7266,-4.453499999999991,4.353197541130175,0.03689679890692865
1997-11-01,1997-11-01,82.2802,4.553599999999989,4.410130495506158,0.011984478952393296
1997-12-01,1997-12-01,92.3623,10.082100000000011,4.5257188867314495,0.017577356281648804
1998-01-01,1998-01-01,95.0701,2.7077999999999918,4.5546145142269125,-0.0379586615400882
1998-02-01,1998-02-01,88.0838,-6.9863,4.478288634081448,-0.022060890501284014
1998-03-01,1998-03-01,86.8125,-1.2712999999999965,4.4637506205145625,0.04169710734140608
1998-04-01,1998-04-01,76.9828,-9.829700000000003,4.343582020278033,0.007870303225461228
1998-05-01,1998-05-01,78.2652,1.2823999999999955,4.360103059757607,0.05498851741786659
1998-06-01,1998-06-01,86.7123,8.447100000000006,4.462595742236221,0.08039662243875423
1998-07-01,1998-07-01,94.1078,7.395499999999998,4.5444409336980796,0.05899165983666066
1998-08-01,1998-08-01,93.7954,-0.3123999999999967,4.541115814297926,0.06322574380314894
1998-09-01,1998-09-01,87.7915,-6.003900000000002,4.474964685020649,0.06605150472504562
1998-10-01,1998-10-01,80.3296,-7.4619,4.386138170713595,0.032940629583420034
1998-11-01,1998-11-01,81.6742,1.3445999999999998,4.4027381625202775,-0.007392332985880934
1998-12-01,1998-12-01,91.9551,10.280900000000003,4.521300414438798,-0.004418472292651465
1999-01-01,1999-01-01,102.4467,10.491600000000005,4.629342663331576,0.07472814910466319
1999-02-01,1999-02-01,91.4671,-10.979600000000005,4.515979344781727,0.03769071070027952
1999-03-01,1999-03-01,91.0236,-0.4435000000000002,4.511118813553215,0.04736819303865225
1999-04-01,1999-04-01,80.7497,-10.273899999999998,4.391354246925586,0.04777222664755332
1999-05-01,1999-05-01,79.6373,-1.112400000000008,4.377482576059764,0.017379516302156617
1999-06-01,1999-06-01,88.1204,8.483100000000007,4.478704061188479,0.016108318952257505
1999-07-01,1999-07-01,97.7757,9.655299999999997,4.582676079910248,0.038235146212168836
1999-08-01,1999-08-01,96.7014,-1.0742999999999938,4.571627880120734,0.03051206582280752
1999-09-01,1999-09-01,87.4885,-9.212900000000005,4.471507356154649,-0.0034573288660002532
1999-10-01,1999-10-01,80.8647,-6.623800000000003,4.392777387678012,0.0066392169644169385
1999-11-01,1999-11-01,82.4395,1.5747999999999962,4.412064690986884,0.009326528466606199
1999-12-01,1999-12-01,94.7746,12.335100000000011,4.551501440871203,0.030201026432404632
2000-01-01,2000-01-01,102.4971,7.722499999999997,4.629834505495291,0.0004918421637150061
2000-02-01,2000-02-01,94.5218,-7.975300000000004,4.548830495726039,0.032851150944311236
2000-03-01,2000-03-01,88.3463,-6.1754999999999995,4.481264318997985,-0.029854494555229927
2000-04-01,2000-04-01,81.6662,-6.680099999999996,4.402640207574576,0.011285960648989679
2000-05-01,2000-05-01,84.7235,3.057299999999998,4.439393012998829,0.06191043693906462
2000-06-01,2000-06-01,91.3293,6.605800000000002,4.514471656160912,0.03576759497243298
2000-07-01,2000-07-01,96.3011,4.971800000000002,4.567479741376433,-0.015196338533815634
2000-08-01,2000-08-01,99.6734,3.3722999999999956,4.60189884096903,0.030270960848295836
2000-09-01,2000-09-01,90.9515,-8.721900000000005,4.51032639740647,0.038819041251820785
2000-10-01,2000-10-01,83.378,-7.573499999999996,4.423384485597446,0.030607097919434167
2000-11-01,2000-11-01,88.2458,4.867800000000003,4.480126102612879,0.06806141162599566
2000-12-01,2000-12-01,102.6901,14.444299999999998,4.631715715014384,0.08021427414318172
2001-01-01,2001-01-01,109.3416,6.651499999999999,4.694476926613858,0.06464242111856766
2001-02-01,2001-02-01,97.3953,-11.946299999999994,4.578777954864075,0.02994745913803598
2001-03-01,2001-03-01,93.0564,-4.3389000000000095,4.533205760948694,0.051941441950709155
2001-04-01,2001-04-01,83.1332,-9.923199999999994,4.420444140727302,0.01780393315272555
2001-05-01,2001-05-01,82.7827,-0.3504999999999967,4.416219102362729,-0.023173910636099748
2001-06-01,2001-06-01,90.6648,7.882099999999994,4.507169189180653,-0.007302466980259048
2001-07-01,2001-07-01,96.3283,5.663499999999999,4.5677621489443405,0.0002824075679077609
2001-08-01,2001-08-01,99.8132,3.484899999999996,4.603300439100295,0.0014015981312649473
2001-09-01,2001-09-01,88.5136,-11.299599999999998,4.4831562125238875,-0.02717018488258205
2001-10-01,2001-10-01,82.9006,-5.6129999999999995,4.417642299750764,-0.005742185846682624
2001-11-01,2001-11-01,83.1461,0.24550000000000693,4.4205993013519365,-0.059526801260942896
2001-12-01,2001-12-01,93.2796,10.133499999999998,4.535601434428322,-0.09611428058606197
2002-01-01,2002-01-01,103.2604,9.980800000000002,4.637253953160831,-0.05722297345302696
2002-02-01,2002-02-01,95.4593,-7.801100000000005,4.558699978636555,-0.020077976227519834
2002-03-01,2002-03-01,93.51,-1.9492999999999938,4.5380683824473556,0.004862621498661568
2002-04-01,2002-04-01,86.0517,-7.458300000000008,4.454948278418241,0.03450413769093963
2002-05-01,2002-05-01,85.5043,-0.5473999999999961,4.448566667075755,0.032347564713026244
2002-06-01,2002-06-01,93.4856,7.9813000000000045,4.537807413738589,0.03063822455793641
2002-07-01,2002-07-01,102.6936,9.207999999999998,4.631749797563295,0.06398764861895412
2002-08-01,2002-08-01,101.9121,-0.7815000000000083,4.62411067704572,0.020810237945425136
2002-09-01,2002-09-01,93.5608,-8.351299999999995,4.538611492342098,0.055455279818210634
2002-10-01,2002-10-01,87.1293,-6.4315,4.467393222238697,0.04975092248793356
2002-11-01,2002-11-01,88.8047,1.6753999999999962,4.486439576525419,0.06584027517348279
2002-12-01,2002-12-01,101.0439,12.239199999999997,4.615555075872152,0.07995364144382933
2003-01-01,2003-01-01,110.4292,9.3853,4.7043745916245765,0.06712063846374505
2003-02-01,2003-02-01,104.0828,-6.3463999999999885,4.6451867362251695,0.0864867575886148
2003-03-01,2003-03-01,94.8015,-9.281300000000002,4.551785231920607,0.013716849473251358
2003-04-01,2003-04-01,85.3124,-9.489100000000008,4.4463198132174195,-0.008628465200821722
2003-05-01,2003-05-01,85.7418,0.4294000000000011,4.451340454651356,0.0027737875756006503
2003-06-01,2003-06-01,91.3695,5.627700000000004,4.514911724739893,-0.02289568899869643
2003-07-01,2003-07-01,102.5243,11.154799999999994,4.6300998436517915,-0.0016499539115031325
2003-08-01,2003-08-01,104.7716,2.24730000000001,4.651782742795463,0.027672065749743346
2003-09-01,2003-09-01,93.1841,-11.587500000000006,4.534577106279195,-0.004034386062903295
2003-10-01,2003-10-01,86.7534,-6.430700000000002,4.463069611142513,-0.004323611096183733
2003-11-01,2003-11-01,88.828,2.0746000000000038,4.486701915612013,0.000262339086593677
2003-12-01,2003-12-01,103.8162,14.988199999999992,4.642622027918394,0.02706695204624232
2004-01-01,2004-01-01,113.996,10.1798,4.736163360059609,0.031788768435032644
2004-02-01,2004-02-01,106.4378,-7.558199999999999,4.667560776974425,0.02237404074925564
2004-03-01,2004-03-01,95.6626,-10.775199999999998,4.5608274174771894,0.009042185556582538
2004-04-01,2004-04-01,86.9849,-8.677700000000002,4.465734540372354,0.019414727154934752
2004-05-01,2004-05-01,89.324,2.339100000000002,4.4922702087726405,0.040929754121284745
2004-06-01,2004-06-01,95.8104,6.486400000000003,4.562371238583615,0.047459513843722156
2004-07-01,2004-07-01,102.1007,6.290300000000002,4.625959581170624,-0.0041402624811679445
2004-08-01,2004-08-01,100.4992,-1.6015000000000015,4.610149767268443,-0.041632975527019944
2004-09-01,2004-09-01,94.2998,-6.199399999999997,4.546479068746389,0.011901962467193883
2004-10-01,2004-10-01,87.7732,-6.526600000000002,4.474756214866156,0.011686603723642719
2004-11-01,2004-11-01,89.8297,2.0564999999999998,4.497915655593993,0.011213739981980275
2004-12-01,2004-12-01,105.9787,16.149,4.663238130524012,0.020616102605617748
2005-01-01,2005-01-01,111.4496,5.4709,4.71357247077205,-0.022590889287559257
2005-02-01,2005-02-01,101.9498,-9.499800000000008,4.624480535272586,-0.04308024170183877
2005-03-01,2005-03-01,99.2324,-2.717399999999998,4.597464573867669,0.03663715639047993
2005-04-01,2005-04-01,86.6793,-12.5531,4.462215100954885,-0.00351943941746935
2005-05-01,2005-05-01,87.3784,0.6991000000000014,4.470248112529369,-0.022022096243271783
2005-06-01,2005-06-01,99.7382,12.359800000000007,4.6025487530331315,0.04017751444951667
2005-07-01,2005-07-01,108.8005,9.062299999999993,4.6895159299995175,0.06355634882889394
2005-08-01,2005-08-01,109.9901,1.1895999999999987,4.700390361742174,0.09024059447373034
2005-09-01,2005-09-01,99.5563,-10.433800000000005,4.600723313289325,0.05424424454293586
2005-10-01,2005-10-01,90.1695,-9.386799999999994,4.501691232414928,0.026935017548772144
2005-11-01,2005-11-01,90.6297,0.4602000000000004,4.506781973899014,0.008866318305020826
2005-12-01,2005-12-01,108.4977,17.867999999999995,4.6867289745991485,0.023490844075136685
2006-01-01,2006-01-01,104.8128,-3.684899999999999,4.652175901833356,-0.06139656893869372
2006-02-01,2006-02-01,101.631,-3.1817999999999955,4.621348606715554,-0.003131928557032815
2006-03-01,2006-03-01,98.6932,-2.9377999999999957,4.592016048422658,-0.0054485254450113985
2006-04-01,2006-04-01,87.7034,-10.989800000000002,4.473960667155734,0.011745566200849211
2006-05-01,2006-05-01,90.2388,2.5353999999999957,4.502459489788991,0.032211377259621976
2006-06-01,2006-06-01,100.7836,10.54480000000001,4.612975643987747,0.010426890954615686
2006-07-01,2006-07-01,111.3696,10.585999999999999,4.71285439976706,0.023338469767542946
2006-08-01,2006-08-01,111.9898,0.620199999999997,4.718407795719269,0.018017433977095543
2006-09-01,2006-09-01,96.1212,-15.8686,4.565609895184846,-0.03511341810447899
2006-10-01,2006-10-01,90.6869,-5.4343000000000075,4.507412914495711,0.0057216820807823865
2006-11-01,2006-11-01,92.5922,1.905300000000011,4.528204904842974,0.021422930943960417
2006-12-01,2006-12-01,103.3658,10.773599999999988,4.638274153011013,-0.048454821588135744
2007-01-01,2007-01-01,112.3854,9.019600000000011,4.721934035784299,0.06975813395094299
2007-02-01,2007-02-01,112.1298,-0.25560000000000116,4.719657128827214,0.09830852211166086
2007-03-01,2007-03-01,99.469,-12.660800000000009,4.599846037831391,0.007829989408732807
2007-04-01,2007-04-01,91.045,-8.423999999999992,4.511353889783806,0.03739322262807221
2007-05-01,2007-05-01,92.3001,1.2550999999999988,4.525045224931838,0.02258573514284734
2007-06-01,2007-06-01,101.2636,8.963499999999996,4.617727017954047,0.0047513739662994325
2007-07-01,2007-07-01,107.9356,6.671999999999997,4.68153475297258,-0.03131964679448007
2007-08-01,2007-08-01,114.5031,6.56750000000001,4.740601896863602,0.022194101144332734
2007-09-01,2007-09-01,101.8592,-12.643900000000002,4.623591467508475,0.057981572323629216
2007-10-01,2007-10-01,93.282,-8.577200000000005,4.535627163195659,0.02821424869994793
2007-11-01,2007-11-01,94.1475,0.8654999999999973,4.544862701378336,0.01665779653536159
2007-12-01,2007-12-01,107.0407,12.893200000000007,4.673209135969896,0.034934982958882976
2008-01-01,2008-01-01,115.1666,8.125900000000001,4.746379775668246,0.02444573988394705
2008-02-01,2008-02-01,108.519,-6.647599999999997,4.686925272857009,-0.032731855970205004
2008-03-01,2008-03-01,100.7093,-7.8097000000000065,4.612238148985515,0.012392111154124308
2008-04-01,2008-04-01,91.2094,-9.499899999999997,4.5131579619443585,0.001804072160552117
2008-05-01,2008-05-01,91.4431,0.2336999999999989,4.5157169209241435,-0.009328304007694577
2008-06-01,2008-06-01,104.1756,12.732500000000002,4.646077936831168,0.0283509188771216
2008-07-01,2008-07-01,111.08,6.904399999999995,4.7102506624385985,0.028715909466018097
2008-08-01,2008-08-01,107.8943,-3.185699999999997,4.681152044177329,-0.059449852686272564
2008-09-01,2008-09-01,98.0097,-9.884600000000006,4.585066453364252,-0.0385250141442226
2008-10-01,2008-10-01,91.2397,-6.769999999999996,4.513490109379217,-0.02213705381644182
2008-11-01,2008-11-01,94.0321,2.7924000000000007,4.543636213337485,-0.0012264880408512369
2008-12-01,2008-12-01,109.6583,15.626199999999997,4.697369167393582,0.024160031423686057
2009-01-01,2009-01-01,117.1041,7.4458000000000055,4.763063282800302,0.016683507132055908
2009-02-01,2009-02-01,104.6585,-12.445599999999999,4.65070266871829,-0.03622260413871903
2009-03-01,2009-03-01,98.0044,-6.6541,4.585012375621872,-0.027225773363642958
2009-04-01,2009-04-01,88.3217,-9.682699999999997,4.480985830531947,-0.03217213141241171
2009-05-01,2009-05-01,87.7293,-0.592400000000012,4.474255937081901,-0.04146098384224217
2009-06-01,2009-06-01,97.5535,9.824200000000005,4.580400945461874,-0.06567699136929406
2009-07-01,2009-07-01,104.1673,6.613799999999998,4.645998260489863,-0.06425240194873538
2009-08-01,2009-08-01,106.0048,1.8375000000000057,4.66348437610569,-0.01766766807163922
2009-09-01,2009-09-01,95.0942,-10.910600000000002,4.554867979258247,-0.030198474106005513
2009-10-01,2009-10-01,89.3811,-5.713099999999997,4.492909250433379,-0.020580858945837832
2009-11-01,2009-11-01,89.4576,0.0764999999999958,4.4937647700123735,-0.049871443325111287
2009-12-01,2009-12-01,110.8777,21.420100000000005,4.708427792080708,0.011058624687126262
2010-01-01,2010-01-01,119.2473,8.369599999999991,4.781199488002693,0.01813620520239123
2010-02-01,2010-02-01,110.7525,-8.494799999999998,4.707297982033902,0.056595313315611406
2010-03-01,2010-03-01,98.343,-12.409499999999994,4.588461367924828,0.003448992302955922
2010-04-01,2010-04-01,86.2612,-12.081800000000001,4.457379902553493,-0.023605927978453956
2010-05-01,2010-05-01,90.8459,4.584699999999998,4.509164664489754,0.03490872740785278
2010-06-01,2010-06-01,104.4774,13.631500000000003,4.6489707800729985,0.06856983461112431
2010-07-01,2010-07-01,113.1386,8.661199999999994,4.728613615788601,0.08261535529873765
2010-08-01,2010-08-01,113.255,0.11639999999999873,4.729641913498932,0.06615753739324148
2010-09-01,2010-09-01,100.3372,-12.9178,4.608536513544168,0.05366853428592133
2010-10-01,2010-10-01,89.0653,-11.271900000000002,4.489369808565279,-0.0035394418681002904
2010-11-01,2010-11-01,92.8343,3.7690000000000055,4.530816183571406,0.0370514135590323
2010-12-01,2010-12-01,114.5367,21.702399999999997,4.740895295654912,0.03246750357420414
2011-01-01,2011-01-01,119.7475,5.210800000000006,4.785385359246378,0.004185871243684858
2011-02-01,2011-02-01,107.4965,-12.251000000000005,4.677458288898155,-0.02983969313574697
2011-03-01,2011-03-01,99.1848,-8.311700000000002,4.596984776744102,0.008523408819273826
2011-04-01,2011-04-01,89.3568,-9.827999999999989,4.492637343913836,0.03525744136034348
2011-05-01,2011-05-01,90.0903,0.7334999999999923,4.500812500661135,-0.008352163828619474
2011-06-01,2011-06-01,102.9273,12.837000000000003,4.6340229137750075,-0.014947866297990942
2011-07-01,2011-07-01,114.9326,12.005299999999991,4.7443458695906315,0.015732253802030804
2011-08-01,2011-08-01,113.765,-1.167599999999993,4.73413491726909,0.004493003770158488
2011-09-01,2011-09-01,99.5821,-14.182900000000004,4.600982429563678,-0.007554083980489956
2011-10-01,2011-10-01,90.3241,-9.257999999999996,4.503404312965242,0.014034504399963232
2011-11-01,2011-11-01,93.7486,3.4244999999999948,4.540616731405684,0.00980054783427775
2011-12-01,2011-12-01,107.3309,13.582300000000004,4.6759165858118585,-0.06497870984305365
2012-01-01,2012-01-01,111.8351,4.504199999999997,4.717025464936287,-0.06835989431009093
2012-02-01,2012-02-01,103.3433,-8.491799999999998,4.638056455772828,-0.039401833125326746
2012-03-01,2012-03-01,93.4051,-9.938199999999995,4.536945947598451,-0.060038829145651285
2012-04-01,2012-04-01,87.4539,-5.9512,4.4711117973827195,-0.021525546531116824
2012-05-01,2012-05-01,92.7704,5.316499999999991,4.530127623394593,0.029315122733458487
2012-06-01,2012-06-01,101.2446,8.47420000000001,4.617539371231042,-0.016483542543965335
2012-07-01,2012-07-01,113.3866,12.141999999999996,4.730803218526693,-0.013542651063938926
2012-08-01,2012-08-01,110.1671,-3.2194999999999965,4.701998304050086,-0.03213661321900396
2012-09-01,2012-09-01,96.9014,-13.26570000000001,4.5736939666767675,-0.02728846288691056
2012-10-01,2012-10-01,90.2609,-6.640499999999989,4.502704365543471,-0.0006999474217712631
2012-11-01,2012-11-01,94.2111,3.9501999999999953,4.545538009035295,0.004921277629611254
2012-12-01,2012-12-01,105.0203,10.809200000000004,4.654153664804376,-0.02176292100748256
2013-01-01,2013-01-01,115.2323,10.211999999999989,4.746950090906564,0.029924625970276786
2013-02-01,2013-02-01,106.4512,-8.781099999999995,4.667686664174024,0.0296302084011959
2013-03-01,2013-03-01,102.6701,-3.781099999999995,4.63152093530475,0.09457498770629957
2013-04-01,2013-04-01,90.6136,-12.0565,4.506604312158775,0.035492514776055195
2013-05-01,2013-05-01,90.7,0.08639999999999759,4.507557357121091,-0.022570266273501893
2013-06-01,2013-06-01,100.6631,9.963099999999997,4.61177929761551,-0.00576007361553188
2013-07-01,2013-07-01,110.3583,9.6952,4.7037323450985085,-0.02707087342818415
2013-08-01,2013-08-01,108.4228,-1.9355000000000047,4.686038398992171,-0.015959905057915336
2013-09-01,2013-09-01,99.3427,-9.080100000000002,4.598575488693785,0.024881522017017765
2013-10-01,2013-10-01,91.6671,-7.675599999999989,4.518163536260015,0.01545917071654479
2013-11-01,2013-11-01,96.9845,5.317399999999992,4.574551171920558,0.029013162885263455
2013-12-01,2013-12-01,113.3465,16.36200000000001,4.730449498664722,0.07629583386034611
2014-01-01,2014-01-01,124.0216,10.6751,4.82045574398349,0.0735056530769258
2014-02-01,2014-02-01,112.6796,-11.342000000000013,4.724548393126117,0.05686172895209296
2014-03-01,2014-03-01,104.4158,-8.26379999999999,4.648381004993814,0.016860069689063728
2014-04-01,2014-04-01,89.8017,-14.614100000000008,4.497603906086649,-0.0090004060721256
2014-05-01,2014-05-01,91.861,2.0593000000000075,4.520276564969463,0.012719207848371994
2014-06-01,2014-06-01,101.6422,9.781199999999998,4.621458803239358,0.009679505623847895
2014-07-01,2014-07-01,108.633,6.990799999999993,4.687975228744801,-0.0157571163537078
2014-08-01,2014-08-01,108.3892,-0.24379999999999313,4.685728453045739,-0.0003099459464319665
2014-09-01,2014-09-01,100.4238,-7.9654000000000025,4.609399230958121,0.010823742264335579
2014-10-01,2014-10-01,92.1366,-8.287199999999999,4.523272258457932,0.005108722197916471
2014-11-01,2014-11-01,99.1114,6.974800000000002,4.596244470037749,0.02169329811719045
2014-12-01,2014-12-01,108.9783,9.866900000000001,4.691148779840772,-0.039300718823950476
2015-01-01,2015-01-01,119.9317,10.953400000000002,4.786922414078545,-0.03353332990494451
2015-02-01,2015-02-01,116.1393,-3.7924000000000007,4.7547903327171985,0.030241939591081568
2015-03-01,2015-03-01,104.0218,-12.117500000000007,4.644600492559753,-0.0037805124340613006
2015-04-01,2015-04-01,89.1544,-14.867400000000004,4.49036969811086,-0.007234207975788998
2015-05-01,2015-05-01,90.695,1.5405999999999977,4.5075022288099325,-0.01277433615953072
2015-06-01,2015-06-01,102.8863,12.191300000000012,4.633624495006351,0.012165691766992559
2015-07-01,2015-07-01,111.9826,9.0963,4.718343502083067,0.030368273338265972
2015-08-01,2015-08-01,110.7643,-1.2182999999999993,4.707404520228848,0.021676067183109105
2015-09-01,2015-09-01,101.7996,-8.964700000000008,4.623006174835618,0.01360694387749728
2015-10-01,2015-10-01,90.9888,-10.8108,4.510736422019187,-0.012535836438744674
2015-11-01,2015-11-01,92.2113,1.2224999999999966,4.5240826827056555,-0.07216178733209322
2015-12-01,2015-12-01,102.3222,10.1109,4.628126658212231,-0.06302212162854026
2016-01-01,2016-01-01,116.8926,14.570400000000006,4.761255564506875,-0.02566684957167009
2016-02-01,2016-02-01,105.9614,-10.931200000000004,4.663074876849615,-0.09171545586758345
2016-03-01,2016-03-01,94.2339,-11.727499999999992,4.545779989455165,-0.09882050310458723
2016-04-01,2016-04-01,88.1615,-6.072400000000002,4.479170359778915,-0.011199338331945086
2016-05-01,2016-05-01,89.4711,1.3096000000000032,4.493915668107823,-0.013586560702109729
2016-06-01,2016-06-01,103.4258,13.954699999999988,4.638854447391284,0.005229952384933512
2016-07-01,2016-07-01,114.1946,10.768799999999999,4.737904010639819,0.01956050855675251
2016-08-01,2016-08-01,115.5015,1.3068999999999988,4.749283516890505,0.04187899666165684
2016-09-01,2016-09-01,102.2398,-13.26169999999999,4.627321034445778,0.004314859610159871
